{"cameraMode":{"drawMode":0,"name":"Shaded","section":"Shading Mode"},"sceneLighting":false,"audioPlay":false,"sceneViewState":{"showFog":true,"showMaterialUpdate":false,"showSkybox":false,"showFlares":true,"showImageEffects":true,"showParticleSystems":true},"in2DMode":false,"pivot":{"x":3.34999942779541,"y":0.7292525768280029,"z":3.0098018646240236},"rotation":{"x":0.047671128064394,"y":0.9454923868179321,"z":-0.16181351244449616,"w":0.2785467803478241},"size":1.6439603567123414,"orthographic":false}