{"cameraMode":{"drawMode":0,"name":"Shaded","section":"Shading Mode"},"sceneLighting":true,"audioPlay":false,"sceneViewState":{"showFog":true,"showMaterialUpdate":false,"showSkybox":false,"showFlares":true,"showImageEffects":true,"showParticleSystems":true},"in2DMode":false,"pivot":{"x":7.658920764923096,"y":7.807830810546875,"z":560.3429565429688},"rotation":{"x":-0.20054404437541963,"y":0.0011704585049301386,"z":-0.0002386151609243825,"w":-0.9797446727752686},"size":24.63150405883789,"orthographic":false}