{"cameraMode":{"drawMode":0,"name":"Shaded","section":"Shading Mode"},"sceneLighting":false,"audioPlay":false,"sceneViewState":{"showFog":true,"showMaterialUpdate":false,"showSkybox":false,"showFlares":true,"showImageEffects":true,"showParticleSystems":true},"in2DMode":false,"pivot":{"x":-1.5609999895095826,"y":0.7925997972488403,"z":0.7689999341964722},"rotation":{"x":0.06417902559041977,"y":-0.9080227613449097,"z":0.1511961966753006,"w":0.3854093849658966},"size":2.932382106781006,"orthographic":false}