{"cameraMode":{"drawMode":0,"name":"Shaded","section":"Shading Mode"},"sceneLighting":false,"audioPlay":false,"sceneViewState":{"showFog":true,"showMaterialUpdate":false,"showSkybox":false,"showFlares":true,"showImageEffects":true,"showParticleSystems":true},"in2DMode":false,"pivot":{"x":6.404056549072266,"y":0.8821285963058472,"z":-0.3098237216472626},"rotation":{"x":0.3555355966091156,"y":-0.04343932867050171,"z":0.016544770449399949,"w":0.9335081577301025},"size":7.045891761779785,"orthographic":false}