{"cameraMode":{"drawMode":0,"name":"Shaded","section":"Shading Mode"},"sceneLighting":false,"audioPlay":false,"sceneViewState":{"showFog":true,"showMaterialUpdate":false,"showSkybox":false,"showFlares":true,"showImageEffects":true,"showParticleSystems":true},"in2DMode":false,"pivot":{"x":-0.02127397060394287,"y":-0.04181034117937088,"z":-0.08104658126831055},"rotation":{"x":-0.09176206588745117,"y":0.775810718536377,"z":-0.11606216430664063,"w":-0.613376796245575},"size":0.6284217834472656,"orthographic":false}