{"cameraMode":{"drawMode":0,"name":"Shaded","section":"Shading Mode"},"sceneLighting":false,"audioPlay":false,"sceneViewState":{"showFog":true,"showMaterialUpdate":false,"showSkybox":false,"showFlares":true,"showImageEffects":true,"showParticleSystems":true},"in2DMode":false,"pivot":{"x":0.0,"y":0.9999998807907105,"z":-2.9802322387695315e-8},"rotation":{"x":0.19493484497070313,"y":-0.6190645694732666,"z":0.1623661369085312,"w":0.7432370781898499},"size":1.2247447967529297,"orthographic":false}