{"cameraMode":{"drawMode":0,"name":"Shaded","section":"Shading Mode"},"sceneLighting":false,"audioPlay":false,"sceneViewState":{"showFog":true,"showMaterialUpdate":false,"showSkybox":false,"showFlares":true,"showImageEffects":true,"showParticleSystems":true},"in2DMode":false,"pivot":{"x":-0.01127920113503933,"y":-0.06957805156707764,"z":-0.06259709596633911},"rotation":{"x":-0.09176206588745117,"y":0.775810718536377,"z":-0.11606216430664063,"w":-0.613376796245575},"size":0.4035252630710602,"orthographic":false}