{"cameraMode":{"drawMode":0,"name":"Shaded","section":"Shading Mode"},"sceneLighting":false,"audioPlay":false,"sceneViewState":{"showFog":true,"showMaterialUpdate":false,"showSkybox":false,"showFlares":true,"showImageEffects":true,"showParticleSystems":true},"in2DMode":false,"pivot":{"x":-0.15659625828266145,"y":-4.265987873077393,"z":1.3869273662567139},"rotation":{"x":0.4754830300807953,"y":-0.23690767586231233,"z":0.13467088341712953,"w":0.8364551663398743},"size":4.405923366546631,"orthographic":false}