{"cameraMode":{"drawMode":0,"name":"Shaded","section":"Shading Mode"},"sceneLighting":false,"audioPlay":false,"sceneViewState":{"showFog":true,"showMaterialUpdate":false,"showSkybox":false,"showFlares":true,"showImageEffects":true,"showParticleSystems":true},"in2DMode":false,"pivot":{"x":0.974684476852417,"y":-1.2037566900253297,"z":0.6028894186019898},"rotation":{"x":0.17788076400756837,"y":0.7663138508796692,"z":-0.23957018554210664,"w":0.5689939260482788},"size":2.2965357303619386,"orthographic":false}