{"cameraMode":{"drawMode":0,"name":"Shaded","section":"Shading Mode"},"sceneLighting":false,"audioPlay":false,"sceneViewState":{"showFog":true,"showMaterialUpdate":false,"showSkybox":false,"showFlares":true,"showImageEffects":true,"showParticleSystems":true},"in2DMode":false,"pivot":{"x":1.7656822204589844,"y":-0.7173562049865723,"z":0.4700956344604492},"rotation":{"x":-0.19540069997310639,"y":-0.38181477785110476,"z":0.08293722569942475,"w":-0.8995457887649536},"size":2.774325370788574,"orthographic":false}